{"cameraMode":{"drawMode":0,"name":"Shaded","section":"Shading Mode"},"sceneLighting":false,"audioPlay":false,"sceneViewState":{"m_AlwaysRefresh":false,"showFog":true,"showSkybox":false,"showFlares":true,"showImageEffects":true,"showParticleSystems":true,"showVisualEffectGraphs":true,"m_FxEnabled":true},"in2DMode":false,"pivot":{"x":-0.6718727350234985,"y":0.011854182928800583,"z":0.34238842129707339},"rotation":{"x":-0.03752191737294197,"y":0.4215875566005707,"z":-0.01746267080307007,"w":-0.9058469533920288},"size":0.0764981135725975,"orthographic":false}