{"cameraMode":{"drawMode":0,"name":"Shaded","section":"Shading Mode"},"sceneLighting":false,"audioPlay":false,"sceneViewState":{"m_AlwaysRefresh":false,"showFog":true,"showSkybox":false,"showFlares":true,"showImageEffects":true,"showParticleSystems":true,"showVisualEffectGraphs":true,"m_FxEnabled":true},"in2DMode":false,"pivot":{"x":7.330000877380371,"y":6.741166114807129,"z":14.024986267089844},"rotation":{"x":-0.06367971748113632,"y":0.07387394458055496,"z":-0.004727127030491829,"w":-0.9952245950698853},"size":2.5378825664520265,"orthographic":false}